{
  "Suma" : {
    "transaction" : "Suma",
    "sampleCount" : 100,
    "errorCount" : 0,
    "errorPct" : 0.0,
    "meanResTime" : 177.48999999999984,
    "medianResTime" : 157.0,
    "minResTime" : 151.0,
    "maxResTime" : 534.0,
    "pct1ResTime" : 301.0000000000007,
    "pct2ResTime" : 320.84999999999997,
    "pct3ResTime" : 532.3999999999992,
    "throughput" : 9.414422895876482,
    "receivedKBytesPerSec" : 5.378356830163811,
    "sentKBytesPerSec" : 5.038187252871399
  },
  "Total" : {
    "transaction" : "Total",
    "sampleCount" : 100,
    "errorCount" : 0,
    "errorPct" : 0.0,
    "meanResTime" : 177.48999999999984,
    "medianResTime" : 157.0,
    "minResTime" : 151.0,
    "maxResTime" : 534.0,
    "pct1ResTime" : 301.0000000000007,
    "pct2ResTime" : 320.84999999999997,
    "pct3ResTime" : 532.3999999999992,
    "throughput" : 9.414422895876482,
    "receivedKBytesPerSec" : 5.378356830163811,
    "sentKBytesPerSec" : 5.038187252871399
  }
}